/*
Navicat MySQL Data Transfer

Source Server         : Mysql
Source Server Version : 80019
Source Host           : localhost:3306
Source Database       : fzutopic

Target Server Type    : MYSQL
Target Server Version : 80019
File Encoding         : 65001

Date: 2020-05-07 20:04:12
*/

SET FOREIGN_KEY_CHECKS=0;

-- ----------------------------
-- Table structure for adminuser
-- ----------------------------
DROP TABLE IF EXISTS `adminuser`;
CREATE TABLE `adminuser` (
  `adminID` char(9) NOT NULL,
  `password` varchar(16) NOT NULL,
  `name` varchar(10) NOT NULL,
  `tel` char(11) NOT NULL,
  PRIMARY KEY (`adminID`),
  CONSTRAINT `adminuserCheckLength` CHECK (((length(`adminID`) = 9) and (length(`tel`) = 11)))
) ENGINE=InnoDB DEFAULT CHARSET=utf8;

-- ----------------------------
-- Records of adminuser
-- ----------------------------
INSERT INTO `adminuser` VALUES ('admin0001', '123456', '管理员1', '12345678901');
INSERT INTO `adminuser` VALUES ('admin0002', '123456', '管理员2', '12345678902');

-- ----------------------------
-- Table structure for comment
-- ----------------------------
DROP TABLE IF EXISTS `comment`;
CREATE TABLE `comment` (
  `commentID` char(23) CHARACTER SET utf8 COLLATE utf8_general_ci NOT NULL,
  `text` text NOT NULL,
  `likes` int NOT NULL DEFAULT '0',
  `unlikes` int NOT NULL DEFAULT '0',
  `time` datetime NOT NULL,
  `isAnony` int NOT NULL,
  `posterID` char(9) NOT NULL,
  `topicID` char(24) CHARACTER SET utf8 COLLATE utf8_general_ci NOT NULL,
  `isReply` int NOT NULL,
  `auditStatus` int NOT NULL,
  PRIMARY KEY (`commentID`),
  KEY `commentFKTopicIDCheck` (`topicID`),
  CONSTRAINT `commentFKTopicIDChec` FOREIGN KEY (`topicID`) REFERENCES `topic` (`topicID`) ON DELETE CASCADE,
  CONSTRAINT `commentCheckCount` CHECK (((`likes` >= 0) and (`unlikes` >= 0))),
  CONSTRAINT `commentCheckLength` CHECK (((length(`commentID`) = 23) and (length(`posterID`) = 9))),
  CONSTRAINT `commentCheckStatus` CHECK (((`isAnony` in (0,1)) and (`isReply` in (0,1)) and (`auditStatus` in (0,1))))
) ENGINE=InnoDB DEFAULT CHARSET=utf8;

-- ----------------------------
-- Records of comment
-- ----------------------------
INSERT INTO `comment` VALUES ('12345678020200501134641', '给，但是换一种方式，别微信传，也别U盘。Github上创建一个Repository，先空着。让他Star你。当然他一个人还不够，让他想办法发动更多人去Star。超过10 Star，你就把代码Push上去，然后让他Fork。超过100 Star，都不用他修改变量名，服务到家，你帮他改。然后用他的Github账号Pull Request。这个Repository留着，以后学弟学妹们都用的到。平时Private，有人找你要代码，就把他加为Collaborator。这就是Github允许私有仓库人数无限制的福利。这么多Star不仅仅是数字，而是你毕业找工作时简历上最亮的那颗Star。记得找工作期间Make Public。\r\n其实我大学的时候有一个同班女生，为人豪爽，跟我兴趣相投，遂结为异性父女。。。。扯远了，就是关系很铁那种，她不会写代码，而我为人懒散不喜欢文案报告之类的东西，我们一拍即合，我承包了她大学本科所有的代码工作，而她帮我搞定了大学本科所有的报告类工作。而且。。。有一门课叫web开发，只有大作业没有考试，她的代码是我的复刻版，功能有什么还是我手把手的教她说的，结果她分数比我高。。。。其实现在回想起来，我亏了吗？没有，我觉得血赚好吗！！她亏了吗，她也血赚好吗！没我给她写代码，就她那水平她要毕业得秃了！其实吧，我的真实做法是，舍友跟我要代码，我会给，老师查重，我会提醒说你改改，也不会太上心，我这样是因为我不想出国也不要保研所以对分数很佛系，能毕业就行。评论里也有人会说什么对舍友负责之类的，给别人抄作业是害了他之类的说法。对不起我不同意这个说法，大家都是成年人，我不需要对他负责。只要他不让我蒙受损失，他需要帮忙，对我来说也是举手之劳，我乐意效劳。就这么简单，他要抄我就给他抄，他有问题问我我就给他解答，他考一百我考60那是他的本事，我不吃亏的。总有人会觉得教会徒弟饿死师傅，可我从来跟他们都不是竞争关系，他们只是我的舍友朋友好哥们，我才不会说为了他们好而不给他们这种屁话了。试问我如果这样做了他们会感激我吗？完全不会！他们会觉得我是个自私自利的小人罢了。为人处事的原则是人人为我我为人人，而不是好为人师教人做人。或许将来有一天，我有求于他，他会念我当年一码之恩，给我方便，而不是对我说：对不起，我不能帮你，我这是为你好。。。。。学校的感情是最纯真的。勾心斗角的，何必呢。', '1', '0', '2020-05-01 13:46:41', '0', '123456780', 't12345678920200501121932', '1', '1');
INSERT INTO `comment` VALUES ('12345678020200501201138', '曾经我以为我的普通话是可以上新闻联播的，直到我上了大学', '0', '0', '2020-05-01 20:11:38', '0', '123456780', 't12345678020200501121742', '0', '1');
INSERT INTO `comment` VALUES ('12345678020200505184008', '没有壬民了，只剩下人，以后说不定连人都不是[滑稽]', '0', '0', '2020-05-05 18:40:08', '1', '123456780', 't12345678620200505182802', '0', '1');
INSERT INTO `comment` VALUES ('12345678120200501134956', '事实上，作为一个在大学代码写的还行的小哥哥。这种事情是免不的。没人跟你借代码那只能说明你水平不行了，因为大学会写代码的真没几个。\r\n其实我大学的时候有一个同班女生，为人豪爽，跟我兴趣相投，遂结为异性父女。。。。扯远了，就是关系很铁那种，她不会写代码，而我为人懒散不喜欢文案报告之类的东西，我们一拍即合，我承包了她大学本科所有的代码工作，而她帮我搞定了大学本科所有的报告类工作。而且。。。有一门课叫web开发，只有大作业没有考试，她的代码是我的复刻版，功能有什么还是我手把手的教她说的，结果她分数比我高。。。。其实现在回想起来，我亏了吗？没有，我觉得血赚好吗！！她亏了吗，她也血赚好吗！没我给她写代码，就她那水平她要毕业得秃了！其实吧，我的真实做法是，舍友跟我要代码，我会给，老师查重，我会提醒说你改改，也不会太上心，我这样是因为我不想出国也不要保研所以对分数很佛系，能毕业就行。评论里也有人会说什么对舍友负责之类的，给别人抄作业是害了他之类的说法。对不起我不同意这个说法，大家都是成年人，我不需要对他负责。只要他不让我蒙受损失，他需要帮忙，对我来说也是举手之劳，我乐意效劳。就这么简单，他要抄我就给他抄，他有问题问我我就给他解答，他考一百我考60那是他的本事，我不吃亏的。总有人会觉得教会徒弟饿死师傅，可我从来跟他们都不是竞争关系，他们只是我的舍友朋友好哥们，我才不会说为了他们好而不给他们这种屁话了。试问我如果这样做了他们会感激我吗？完全不会！他们会觉得我是个自私自利的小人罢了。为人处事的原则是人人为我我为人人，而不是好为人师教人做人。或许将来有一天，我有求于他，他会念我当年一码之恩，给我方便，而不是对我说：对不起，我不能帮你，我这是为你好。。。。。学校的感情是最纯真的。勾心斗角的，何必呢。', '0', '0', '2020-05-01 13:49:56', '1', '123456781', 't12345678920200501121932', '1', '1');
INSERT INTO `comment` VALUES ('12345678220200501135155', '这种事吧，预防为主，到这一步了给或不给都有损失。比如一开始你就不要让他们知道你认真做了，这样你就可以假托说也是网上找的，或者装作在赶制，到最后一刻才交，或者也装作像他们一样到处找同学抄，总之不要让他们产生找你的想法，不过这些能不能有效就取决于你平常的为人了。\r\n或者你偷偷和老师商量一下，让老师在群里夸大查重的准确度和抄袭的严重性，这样你就可以摆出厉害关系以及你的顾虑，他们一般也会放弃抄的念头。\r\n总之不可能所有事都能找到两全之策的，碰到了就要自己均衡取舍。我给你的建议是在情理上表达清楚你的想法，同时尽力帮助他们完成而不是给他们抄。\r\n另外多说一句，像我，毕了业之后，也只有那么一两个同学还在联系，偶尔约出来吃个饭，其他人是不是这样我不知道，供你参考。', '0', '0', '2020-05-01 13:51:55', '1', '123456782', 't12345678920200501121932', '0', '1');
INSERT INTO `comment` VALUES ('12345678220200502172505', '他占用的公共资源不少了', '0', '0', '2020-05-02 17:25:05', '1', '123456782', 't12345678120200501134819', '1', '1');
INSERT INTO `comment` VALUES ('12345678320200501135428', '没做完啊，我还在做啊，最后期限交作业。\r\n提供思路，解决问题，可以，要我源代码？滚', '0', '0', '2020-05-01 13:54:28', '1', '123456783', 't12345678920200501121932', '0', '1');
INSERT INTO `comment` VALUES ('12345678420200501173925', '不会，该抵制会一直抵制', '0', '0', '2020-05-01 17:39:25', '0', '123456784', 't12345678120200501134819', '0', '1');
INSERT INTO `comment` VALUES ('12345678620200503183652', '刘备与张飞领兵与敌军交战，打败落荒而逃。张飞很是不服气，刘备安慰道：三弟不要气愤了，咱们来日方长。张飞回道：大哥你是气糊涂了吧？二哥叫云长啊？', '0', '0', '2020-05-03 18:36:52', '1', '123456786', 't12345678420200503182123', '0', '0');
INSERT INTO `comment` VALUES ('12345678920200502170547', '1.福建人普遍都很会打羽毛球。李宗伟祖籍泉州，林丹是福建龙岩人。\r\n2.除了科作业纸外，这些好吃的零食也是福建独有的：惠尔康仙草、橄榄汁、芦柑汁、芭乐汁、厦门泡面、古龙罐头、丽丽薯片、亲亲虾条、长富牛奶……\r\n3.福州有个真正的佛系酒店：阿弥陀佛大饭店，一对异性入住需要出示结婚证。u1s1他们的斋饭还蛮好吃的。\r\n4.福州话里，福州人把他们从小吃到大的青蟹叫“信”。\r\n5.厦门曾经有个英文名叫Amoy，泉州也曾有个英文名叫Zaiton。\r\n6.厦门岛外人去岛内都会说：去厦门。\r\n7.泉州是福建省GDP排第一的城市。\r\n8.莆田的“莆”念第二声，而不是第三声。\r\n9.漳州是中国女排的“娘家”。1972年，国家体委选择漳州作为中国女排第一个训练基地，漳州见证了中国女排的“五连冠”辉煌。\r\n10.福建人里也有很能吃辣的，这些吃辣人士全集中在南平。\r\n11.福建人和浙江人在争夺七星岛上展开过一系列令人叹为观止的对决，比如1974年浙江方面在七星岛上树立一个水泥界碑，旋即被福建方面炸平，后来浙江人又不断登岛树立石碑，目前浙江省地图册上七星岛很明确地划在浙江境内，捍卫七星岛的主权是每个浙江人义不容辞的责任。\r\n12.福建没有福建卫视，而是叫东南卫视，东南卫视的台标里，蓝色代表了台湾海峡，中间白色是福建的首字母“F”的变形，“F”又形似一只白色海鸥自由飞翔在台湾海峡上，寓意海峡两岸同属一个国家。\r\n1.福建人普遍都很会打羽毛球。李宗伟祖籍泉州，林丹是福建龙岩人。\r\n2.除了科作业纸外，这些好吃的零食也是福建独有的：惠尔康仙草、橄榄汁、芦柑汁、芭乐汁、厦门泡面、古龙罐头、丽丽薯片、亲亲虾条、长富牛奶……\r\n3.福州有个真正的佛系酒店：阿弥陀佛大饭店，一对异性入住需要出示结婚证。u1s1他们的斋饭还蛮好吃的。\r\n4.福州话里，福州人把他们从小吃到大的青蟹叫“信”。\r\n5.厦门曾经有个英文名叫Amoy，泉州也曾有个英文名叫Zaiton。\r\n6.厦门岛外人去岛内都会说：去厦门。\r\n7.泉州是福建省GDP排第一的城市。\r\n8.莆田的“莆”念第二声，而不是第三声。\r\n9.漳州是中国女排的“娘家”。1972年，国家体委选择漳州作为中国女排第一个训练基地，漳州见证了中国女排的“五连冠”辉煌。\r\n10.福建人里也有很能吃辣的，这些吃辣人士全集中在南平。\r\n11.福建人和浙江人在争夺七星岛上展开过一系列令人叹为观止的对决，比如1974年浙江方面在七星岛上树立一个水泥界碑，旋即被福建方面炸平，后来浙江人又不断登岛树立石碑，目前浙江省地图册上七星岛很明确地划在浙江境内，捍卫七星岛的主权是每个浙江人义不容辞的责任。\r\n12.福建没有福建卫视，而是叫东南卫视，东南卫视的台标里，蓝色代表了台湾海峡，中间白色是福建的首字母“F”的变形，“F”又形似一只白色海鸥自由飞翔在台湾海峡上，寓意海峡两岸同属一个国家。\r\n1.福建人普遍都很会打羽毛球。李宗伟祖籍泉州，林丹是福建龙岩人。\r\n2.除了科作业纸外，这些好吃的零食也是福建独有的：惠尔康仙草、橄榄汁、芦柑汁、芭乐汁、厦门泡面、古龙罐头、丽丽薯片、亲亲虾条、长富牛奶……\r\n3.福州有个真正的佛系酒店：阿弥陀佛大饭店，一对异性入住需要出示结婚证。u1s1他们的斋饭还蛮好吃的。\r\n4.福州话里，福州人把他们从小吃到大的青蟹叫“信”。\r\n5.厦门曾经有个英文名叫Amoy，泉州也曾有个英文名叫Zaiton。\r\n6.厦门岛外人去岛内都会说：去厦门。\r\n7.泉州是福建省GDP排第一的城市。\r\n8.莆田的“莆”念第二声，而不是第三声。\r\n9.漳州是中国女排的“娘家”。1972年，国家体委选择漳州作为中国女排第一个训练基地，漳州见证了中国女排的“五连冠”辉煌。\r\n10.福建人里也有很能吃辣的，这些吃辣人士全集中在南平。\r\n11.福建人和浙江人在争夺七星岛上展开过一系列令人叹为观止的对决，比如1974年浙江方面在七星岛上树立一个水泥界碑，旋即被福建方面炸平，后来浙江人又不断登岛树立石碑，目前浙江省地图册上七星岛很明确地划在浙江境内，捍卫七星岛的主权是每个浙江人义不容辞的责任。\r\n12.福建没有福建卫视，而是叫东南卫视，东南卫视的台标里，蓝色代表了台湾海峡，中间白色是福建的首字母“F”的变形，“F”又形似一只白色海鸥自由飞翔在台湾海峡上，寓意海峡两岸同属一个国家。\r\n1.福建人普遍都很会打羽毛球。李宗伟祖籍泉州，林丹是福建龙岩人。\r\n2.除了科作业纸外，这些好吃的零食也是福建独有的：惠尔康仙草、橄榄汁、芦柑汁、芭乐汁、厦门泡面、古龙罐头、丽丽薯片、亲亲虾条、长富牛奶……\r\n3.福州有个真正的佛系酒店：阿弥陀佛大饭店，一对异性入住需要出示结婚证。u1s1他们的斋饭还蛮好吃的。\r\n4.福州话里，福州人把他们从小吃到大的青蟹叫“信”。\r\n5.厦门曾经有个英文名叫Amoy，泉州也曾有个英文名叫Zaiton。\r\n6.厦门岛外人去岛内都会说：去厦门。\r\n7.泉州是福建省GDP排第一的城市。\r\n8.莆田的“莆”念第二声，而不是第三声。\r\n9.漳州是中国女排的“娘家”。1972年，国家体委选择漳州作为中国女排第一个训练基地，漳州见证了中国女排的“五连冠”辉煌。\r\n10.福建人里也有很能吃辣的，这些吃辣人士全集中在南平。\r\n11.福建人和浙江人在争夺七星岛上展开过一系列令人叹为观止的对决，比如1974年浙江方面在七星岛上树立一个水泥界碑，旋即被福建方面炸平，后来浙江人又不断登岛树立石碑，目前浙江省地图册上七星岛很明确地划在浙江境内，捍卫七星岛的主权是每个浙江人义不容辞的责任。\r\n12.福建没有福建卫视，而是叫东南卫视，东南卫视的台标里，蓝色代表了台湾海峡，中间白色是福建的首字母“F”的变形，“F”又形似一只白色海鸥自由飞翔在台湾海峡上，寓意海峡两岸同属一个国家。\r\n', '0', '0', '2020-05-02 17:05:47', '1', '123456789', 't12345678020200501121742', '0', '1');

-- ----------------------------
-- Table structure for commentlikes
-- ----------------------------
DROP TABLE IF EXISTS `commentlikes`;
CREATE TABLE `commentlikes` (
  `userID` char(9) NOT NULL,
  `itemID` char(23) NOT NULL,
  `likedStatus` int NOT NULL,
  PRIMARY KEY (`userID`,`itemID`),
  CONSTRAINT `commentLikesFKuserIDCheck` FOREIGN KEY (`userID`) REFERENCES `user` (`userID`) ON DELETE CASCADE,
  CONSTRAINT `commentlikesCkeckLength` CHECK ((length(`itemID`) = 23))
) ENGINE=InnoDB DEFAULT CHARSET=utf8;

-- ----------------------------
-- Records of commentlikes
-- ----------------------------
INSERT INTO `commentlikes` VALUES ('123456780', '12345678020200501134641', '1');
INSERT INTO `commentlikes` VALUES ('123456780', '12345678020200501140547', '0');

-- ----------------------------
-- Table structure for courseinfo
-- ----------------------------
DROP TABLE IF EXISTS `courseinfo`;
CREATE TABLE `courseinfo` (
  `courseID` char(7) NOT NULL,
  `courseName` varchar(20) NOT NULL,
  `credits` double(3,1) NOT NULL,
  PRIMARY KEY (`courseID`),
  CONSTRAINT `courseInfoCheckLength` CHECK ((length(`courseID`) = 7))
) ENGINE=InnoDB DEFAULT CHARSET=utf8;

-- ----------------------------
-- Records of courseinfo
-- ----------------------------
INSERT INTO `courseinfo` VALUES ('c010101', 'Java', '2.0');
INSERT INTO `courseinfo` VALUES ('c010102', '数据库设计', '3.5');
INSERT INTO `courseinfo` VALUES ('c010103', '计算机网络', '2.5');
INSERT INTO `courseinfo` VALUES ('c010104', '计算机组成原理', '2.5');
INSERT INTO `courseinfo` VALUES ('c010105', '高等数学（上）', '5.0');
INSERT INTO `courseinfo` VALUES ('c010106', '高等数学（下）', '5.0');
INSERT INTO `courseinfo` VALUES ('c030101', '应用心理', '2.5');
INSERT INTO `courseinfo` VALUES ('c110101', '无机化学', '2.0');
INSERT INTO `courseinfo` VALUES ('c110102', '材料科学前沿与商业应用', '2.0');

-- ----------------------------
-- Table structure for course_teacher
-- ----------------------------
DROP TABLE IF EXISTS `course_teacher`;
CREATE TABLE `course_teacher` (
  `courseID` char(7) NOT NULL,
  `teacherID` char(7) NOT NULL,
  PRIMARY KEY (`courseID`,`teacherID`),
  KEY `course-teacherFKteacherIDCheck` (`teacherID`),
  CONSTRAINT `course-teacherFKcourseIDCheck` FOREIGN KEY (`courseID`) REFERENCES `courseinfo` (`courseID`) ON DELETE CASCADE,
  CONSTRAINT `course-teacherFKteacherIDCheck` FOREIGN KEY (`teacherID`) REFERENCES `teacherinfo` (`teacherID`) ON DELETE CASCADE
) ENGINE=InnoDB DEFAULT CHARSET=utf8;

-- ----------------------------
-- Records of course_teacher
-- ----------------------------
INSERT INTO `course_teacher` VALUES ('c010101', 'h010101');
INSERT INTO `course_teacher` VALUES ('c010104', 'h010101');
INSERT INTO `course_teacher` VALUES ('c010102', 'h010102');
INSERT INTO `course_teacher` VALUES ('c010104', 'h010102');
INSERT INTO `course_teacher` VALUES ('c010105', 'h010103');
INSERT INTO `course_teacher` VALUES ('c010106', 'h010103');
INSERT INTO `course_teacher` VALUES ('c010105', 'h010104');
INSERT INTO `course_teacher` VALUES ('c010106', 'h010104');
INSERT INTO `course_teacher` VALUES ('c010101', 'h010105');
INSERT INTO `course_teacher` VALUES ('c010103', 'h010105');
INSERT INTO `course_teacher` VALUES ('c030101', 'h030301');
INSERT INTO `course_teacher` VALUES ('c030101', 'h030302');
INSERT INTO `course_teacher` VALUES ('c110101', 'h110101');
INSERT INTO `course_teacher` VALUES ('c110102', 'h110101');
INSERT INTO `course_teacher` VALUES ('c110102', 'h110102');
INSERT INTO `course_teacher` VALUES ('c110102', 'h110103');

-- ----------------------------
-- Table structure for ctcomment
-- ----------------------------
DROP TABLE IF EXISTS `ctcomment`;
CREATE TABLE `ctcomment` (
  `commentID` char(23) NOT NULL,
  `text` text NOT NULL,
  `likes` int NOT NULL DEFAULT '0',
  `unlikes` int NOT NULL DEFAULT '0',
  `time` datetime NOT NULL,
  `isAnony` int NOT NULL,
  `userID` char(9) NOT NULL,
  `commentItemID` char(7) NOT NULL,
  `auditStatus` int NOT NULL,
  PRIMARY KEY (`commentID`),
  KEY `CTCommentFKuserIDCheck` (`userID`),
  CONSTRAINT `CTCommentFKuserIDCheck` FOREIGN KEY (`userID`) REFERENCES `user` (`userID`) ON DELETE CASCADE ON UPDATE RESTRICT,
  CONSTRAINT `CTCommentCheckCount` CHECK (((`likes` >= 0) and (`unlikes` >= 0))),
  CONSTRAINT `CTCommentCheckLength` CHECK ((length(`commentID`) = 23)),
  CONSTRAINT `CTCommentCheckStatus` CHECK (((`isAnony` in (0,1)) and (`auditStatus` in (0,1))))
) ENGINE=InnoDB DEFAULT CHARSET=utf8;

-- ----------------------------
-- Records of ctcomment
-- ----------------------------

-- ----------------------------
-- Table structure for favlist
-- ----------------------------
DROP TABLE IF EXISTS `favlist`;
CREATE TABLE `favlist` (
  `favlistID` char(23) CHARACTER SET utf8 COLLATE utf8_general_ci NOT NULL,
  `userID` char(9) NOT NULL,
  `name` varchar(10) NOT NULL,
  `time` datetime NOT NULL,
  PRIMARY KEY (`favlistID`),
  KEY `favlistFKuserIDCheck` (`userID`),
  CONSTRAINT `favlistFKuserIDCheck` FOREIGN KEY (`userID`) REFERENCES `user` (`userID`) ON DELETE CASCADE,
  CONSTRAINT `favlistCheckLength` CHECK ((length(`favlistID`) = 23))
) ENGINE=InnoDB DEFAULT CHARSET=utf8;

-- ----------------------------
-- Records of favlist
-- ----------------------------
INSERT INTO `favlist` VALUES ('12345678020200331131826', '123456780', 'XX0的收藏夹1', '2020-03-31 13:18:26');
INSERT INTO `favlist` VALUES ('12345678920200427131728', '123456789', '收藏夹2', '2020-04-27 13:17:28');
INSERT INTO `favlist` VALUES ('12345678920200428131609', '123456789', '收藏夹1', '2020-04-28 13:16:09');

-- ----------------------------
-- Table structure for favlist_item
-- ----------------------------
DROP TABLE IF EXISTS `favlist_item`;
CREATE TABLE `favlist_item` (
  `favlistID` char(23) NOT NULL,
  `collectedID` char(24) NOT NULL,
  PRIMARY KEY (`favlistID`,`collectedID`),
  CONSTRAINT `favlist-itemFKfavlistIDCheck` FOREIGN KEY (`favlistID`) REFERENCES `favlist` (`favlistID`) ON DELETE CASCADE,
  CONSTRAINT `favlist-itemCkeckLength` CHECK ((length(`collectedID`) = 24))
) ENGINE=InnoDB DEFAULT CHARSET=utf8;

-- ----------------------------
-- Records of favlist_item
-- ----------------------------
INSERT INTO `favlist_item` VALUES ('12345678920200427131728', 'nadmin000120200427133109');
INSERT INTO `favlist_item` VALUES ('12345678920200427131728', 't12345678020200501121742');
INSERT INTO `favlist_item` VALUES ('12345678920200428131609', 't12345678120200501134819');

-- ----------------------------
-- Table structure for news
-- ----------------------------
DROP TABLE IF EXISTS `news`;
CREATE TABLE `news` (
  `newsID` char(24) NOT NULL,
  `adminID` char(9) NOT NULL,
  `title` tinytext NOT NULL,
  `text` text NOT NULL,
  `time` datetime NOT NULL,
  PRIMARY KEY (`newsID`),
  KEY `NewsForeignKeyCheck` (`adminID`),
  CONSTRAINT `NewsForeignKeyCheck` FOREIGN KEY (`adminID`) REFERENCES `adminuser` (`adminID`) ON DELETE CASCADE,
  CONSTRAINT `newsCheckLength` CHECK ((length(`newsID`) = 24))
) ENGINE=InnoDB DEFAULT CHARSET=utf8;

-- ----------------------------
-- Records of news
-- ----------------------------
INSERT INTO `news` VALUES ('nadmin000120200424165350', 'admin0001', '寻访非遗文化的黔东南之旅', '“站在高高的苗岭上/眺望四方的青山秀水/座座苗寨美如画/条条江河似飘带/任妹嫁到哪一方/哪方景色都一样”。古老的苗族情歌如春风般吹遍祖国西南，嘹亮音韵缭绕绿水青山。\r\n　　2018年秋季，为加强青年人对传统文化的了解传承，保护优秀非物质文化遗产，我作为全国大学生代表之一，参加了由百度和 《中国青年报》 共同发起的“亮手绝活儿 · 百度匠心中国行”贵州非遗探访活动，和来自人民日报、新华社等多家中央媒体的记者老师们，共同踏上了贵州省黔东南苗族侗族自治州这片神秘而宁静的土壤。\r\n　　地图上的北纬 26°，东经 107°，是黔东南苗族侗族自治州台江县——世人盛赞其“天下苗族第一县”的所在地。勤劳聪慧的苗族人民，在这里留下了灿烂的国家级非物质文化遗产，其中就包括苗族银饰锻造技艺与苗族刺绣。我们也因此走进了两处村落、两户人家，倾听两位手艺人的故事。\r\n　　苗银映月 —吴水根大师的““锻造人生 锻造人生””\r\n　　什么样的美，出自什么样的锤，苗银匠手艺人最有把握。国家级非物质文化遗产——苗族银饰锻造技艺代表性传承人吴水根，是黔东南台江县施洞镇人。他从八岁开始学做银饰，专注于苗银技艺三十余年，如今是吴家银饰第八代传承人。没有人知道叮叮咚咚的锤银声，是他一生时光中，敲了多少锤，才练就的技艺。\r\n　　吴师傅的家并不大，“贵州民间工艺大师”、“贵州省劳动模范”等荣誉贴满了家中客厅的墙壁。在他的银器陈列间中，他亲手锻制的银饰作品琳琅满目。而在庭院入口旁一间不足五平米，老旧昏暗的小屋子里，则摆放着简单的几样器具——一盏灯，一把椅子，一张石桌，一个工具箱。\r\n　　想要锻造好银器，熔银是个漫长的过程。吴水根先用火钳夹了块木炭点了根烟，然后边悠闲地抽着烟边缓缓地拉着风箱。当铁杯中的碎银化成了红色的银浆时，他拿起窗边的空心铁棍，深吸气对着铁棍猛吹了一口气。瞬间，一串串火星从熔炉中冒出在空中四散飞舞——这个过程叫去杂，目的是把银浆中的杂质吹走。火灭后，只要掀开凹槽，一根细长的银条就出现在眼前了。而熔炼只是银器锻造的第一步，此后还要经过压寥、镂刻、焊接、编织等几十道工序才能完成一件作品。“做银器一定要有耐心，我常常一个人坐在这，一敲就是十几个小时。”吴水根师傅慨叹到。在如此精细的手工技艺下，每一件苗银饰品都独一无二，无可复制，更彰显其独特的价值与魅力。\r\n　　几十年的匠心锻造，使得吴水根成为了远近闻名的银匠，他还凭借银饰、刺绣加工技术带领和帮助广大农民群众脱贫致富。利用自己开办的银饰公司，传授了一批年轻艺人，成功带动许多村民通过银饰加工脱贫致富。而他的女儿吴春秀也成了远近闻名的女银匠师，让苗银技艺从一枝独秀到春色满园。\r\n　　苗绣缝花——绣娘欧东花的““锦绣年华 锦绣年华””\r\n　　“苗族儿女是蝴蝶妈妈的女儿，这些民族服饰比自己的生命更为重要。”欧东花是土生土长的台江县老屯乡长滩村人。身为民间高级工艺品美术师和欧东花苗族服饰博物馆馆长，她踏上苗绣从艺之路已有40余年。仅靠一根根针、一缕缕细线，在苗绣艺术的大舞台上，欧东花“绣”出了锦绣河山，也“绣”出了精彩人生。\r\n　　从 8 岁开始，欧东花就跟着祖母、母亲学习刺绣。她不仅熟练地掌握了苗族传统的平绣、打籽绣、堆绣、叠绣、贴布绣、马尾绣等技艺，难度极高的施洞破线绣也不在话下。\r\n　　19岁时，欧东花为了追求更高深的刺绣技艺，自筹资金奔赴黔东南州各县市以及云南、广西、四川和等少数民族地区收藏苗族侗族等少数民族传统工艺品。2013年，欧东花在凯里市打造了一座占地约1460平方米“民俗服饰博物馆”，藏品包括苗族刺绣、银饰、蜡染、挑花、织锦等，其中不乏奇珍孤本。除此以外，博物馆里还收藏了壮族、彝族、瑶族等多个少数民族的艺术品。至此，苗族刺绣的工艺能以实体形式面向世人，让苗绣走进更多人的生活之中。在她身上，流动着的苗族文化的匠心与传承精神，让人钦佩动容。\r\n　　入夜，千户苗寨的明亮灯光闪烁，置于夜幕中如同璀璨繁星。在非遗文化的手艺之路上，每个人的努力都宛如一盏明灯。以青年之力守护匠心，传播好文化故事，让更多的人读懂贵州，读懂灿烂的中国传统非物质文化遗产，我们将共同点亮这片文明的夜空。', '2020-04-24 16:53:50');
INSERT INTO `news` VALUES ('nadmin000120200427133109', 'admin0001', '福大所有抽评博硕士学位授权点顺利通过教育部合格评估', '新闻中心讯/近日，国务院学位委员会、教育部学位授权点合格评估抽评工作结果揭晓。福州大学共有3个博士学位授权点（材料科学与工程、机械工程、法学）和7个硕士学位授权点（马克思主义理论、环境科学与工程、设计学、工商管理硕士（专业学位）、理论经济学、统计学、美术学）分别被教育部和福建省教育厅抽评，所有被抽评博硕士学位授权点全部顺利通过，评估结果均为“合格”，合格率均达100%。\r\n本轮学位授权点合格评估自2014年启动，截至2018年11月，相关学位授予单位完成自我评估。2019年4月，国务院学位委员会、教育部启动了学位授权点合格评估抽评工作，对自评结果为“合格”的学位授权点按一定比例进行抽评，共抽评普通高校和科研机构现有学位授权点2292个，结果于2020年4月揭晓。\r\n全国共有2251个学位授权点抽评结果为“合格”；2家研究生培养单位被撤销硕士学位授权；8个学位授权点抽评结果为“不合格”，被撤销学位授权点，5年之内不得重新申请；33个学位授权点抽评结果为“限期整改”，需进行为期2年的整改并暂停招生。福建省共有27个博士学位授权点被教育部抽评，其中25个授权点评估结果为“合格”，2个授权点评估结果为“限期整改”，合格率92.59%；共有34个硕士学位授权点被福建省教育厅抽评，其中30个授权点评估结果为“合格”，4个授权点评估结果为“限期整改”，合格率88.24%。\r\n此次评估取得的良好结果，是对福州大学学位点内涵建设、质量发展的肯定，也为学校新一轮学科评估和“双一流”建设工作奠定了良好基础。通过本轮学位授权点合格评估工作，学校对现有学位授权点进行了全面“体检”，摸清家底，找准短板，有利于福州大学更好地做好学科长远发展规划和建设，查找差距，夯实基础，更好地助力学校“双一流”建设。', '2020-04-27 13:31:09');
INSERT INTO `news` VALUES ('nadmin000120200428132627', 'admin0001', '福大合作开发的我国首套“铁钌接力催化”氨合成工业装置通过“大考”', '新闻中心讯/4月20日至23日，由福州大学、三聚环保、中国石油石油化工研究院、江苏禾友化工及南京聚拓等单位联合设计开发建造的DN1800工业“铁钌接力催化” 氨合成系统顺利通过由中国石油和化学工业联合会组织的技术性和经济性数据现场72小时考核标定。\r\n考核标定结果显示：氨合成压力和催化剂床层热点温度大幅度降低，本质安全性显著提高；在低温、低压、低氢氮比和高惰性气体含量条件下，获得了高氨净值，比传统铁基氨合成技术在高温高压条件下的氨净值还提高35%以上。\r\n专家组成员一致认为：作为世界首套以煤为原料的“铁钌接力催化”氨合成工业装置，“两铁两钌”催化剂装填技术及氨合成反应器工业运行安全稳定高效，成套工艺技术及装置完全满足工业合成氨连续安全高效生产要求；“铁钌接力催化”氨合成技术运行情况和现行国内外传统铁基合成氨技术相比，吨氨综合能耗显著降低，经济和社会效益显著，有利于合成氨工业升级换代。\r\n据悉，新型DN1800铁钌接力氨合成系统于2017年5月由三聚环保投资立项，通过与福州大学等单位产学研深度融合，于2019年7月24日一次性开车成功，至今已累计稳定运行约6000小时。保守估算，新建工业“铁钌接力”氨合成系统比原禾友化工传统铁基氨合成氨系统吨氨综合能耗降低230元以上，本质安全性大幅度提高。目前，“低压等压氨合成反应器成套系统”已列入工业和信息化部《首台（套）重大技术装备推广应用指导目录（2019年版）》。该目录于2019年12月30日发布，自2020年1月1日起执行，旨在加快促进我国首台（套）推广应用，不断提高重大技术装备创新水平。', '2020-04-28 13:26:27');
INSERT INTO `news` VALUES ('nadmin000120200428134051', 'admin0001', '福州大学召开2020年经济责任审计联席会议', '新闻中心讯/4月30日下午，福州大学召开2020年经济责任审计联席会议，校党委副书记张星主持会议并讲话。校经济责任审计联席会议成员参加了会议。\r\n会议听取了审计处关于2019年经济责任审计工作情况汇报，组织学习了习近平总书记对审计工作的重要指示精神和上级有关会议、文件精神，审议了审计工作专报的内容，研究了2020年经济责任审计工作计划和2020年审计整改落实情况联合督查工作方案。\r\n张星副书记在讲话中对福州大学2019年经济责任审计工作取得的成绩给予充分肯定，并就做好今年的经济责任审计工作提出三点意见：一要不断提高政治站位，提高对审计工作重要性的认识。要坚持和加强党对经济责任审计工作的领导，强化对权力运行的制约和监督，促进学校发展；二要突出审计工作重点，逐步推进审计全覆盖。要抓住薄弱环节，突出审计重点，并逐步推进全覆盖，推动重点问题和共性问题的解决，促进学校资金使用提质增效；三要立足为发展服务，创新审计工作模式。要立足服务发展，立足保护干部，深化审计结果运用，充分发挥审计的权威和公信力。\r\n据悉，审计处2019年共完成经济责任审计12项，审计金额12.98亿，发现问题77个，提出审计意见和建议61条。2018年审计发现问题的整改完成率为85.71%，审计提出的33条建议全部被采纳，促成被审计单位出台13项内部管理制度。', '2020-04-28 13:40:51');
INSERT INTO `news` VALUES ('nadmin000120200430163902', 'admin0001', '【战疫情】经管学子俞悦志愿“千人支教” 奉献青春力量', '新闻中心讯/2020年春节即将到来之际，一场来势汹汹的疫情席卷中国，每一位中华儿女都在密切关注新冠肺炎疫情，也对每一位奋战疫情一线的各行各业的工作者满怀感激。福州大学开展“前线有你，后方有我”支教活动，为抗疫前线人员的子女提供一对一学科辅导，为抗疫人员分忧。在得知学校面向学生发出活动人员招募之时，经济与管理学院2018级学生俞悦毅然报名参加，投身志愿服务工作。\r\n作为千人支教活动数据组负责人，俞悦同学认真负责，专心对待，她说：“在我看来，数据不只是一行行表格，一条数据的背后就是一个家庭，一名志愿者，意味着沉甸甸的责任。”千人支教活动的社会反响热烈，得到越来越多医护人员的肯定，这让俞悦同学感受到快乐，她一直认为：只要带着一颗无私奉献的初心，无论帮助到的群体是大还是小，都一定会发挥作用的。志愿服务工作的过程也不都是一帆风顺的，俞悦同学坦言：“困难的确是有的，但是从来都没有灰心过，因为这条路是我确信的。工作中的一些困难，比如说初次和服务对象的沟通存在问题等等。经过一段时间的锻炼，我也培养了自己与陌生人的沟通能力，问题也逐渐迎刃而解。”\r\n在问到是什么信念让她走上志愿道路的时候，她说，志愿服务对我来说是非常有意义的工作，一方面在于志愿服务的公益性，这是一份真正不求回报的工作，另一方面我也在志服工作中不断提升了自己。像这次的项目活动，我也因为志愿服务而参与到了这场对抗疫情的斗争中，这令我感到很自豪。最后，俞悦同学表示，她希望能有更多的人加入到志愿者队伍，为构建美好社会添砖加瓦。', '2020-04-30 16:39:02');
INSERT INTO `news` VALUES ('nadmin000120200506095651', 'admin0001', '物信学院：“热血青春 献身军营”征兵云系列宣讲活动顺利启动', '新闻中心讯/4月30日下午，物理与信息工程学院“热血青春 献身军营”征兵云宣讲会活动通过钉钉平台网络直播的形式顺利举行。此项活动由学校学生工作部（处）主办、物理与信息工程学院承办，2014级电子科学与技术专业退伍复学大学生欧相甫同学主讲。本次征兵云宣讲活动气氛活跃、反响热烈，一小时互动数达千次。\r\n宣讲主要围绕应征条件、入伍政策、军旅生涯、个人成长四个方面，分别向我院同学们介绍了2020年征兵预征对象、应助入伍身体条件、政审要求以及预征报名的简要流程；宣讲活动中，就同学们尤其是毕业生最为关心的大学生应征入伍享有的优待金、学费补偿和国家助学贷款代偿、就学就业等政策进行了解读；最后对部队起居生活、日常训练和军旅活动的情况，以及对理想信念、行为习惯和身体素质的培养，展开了详细的描述。\r\n宣讲活动结束前，欧相甫代表福州大学全体退役士兵大学生号召学院同学积极应征入伍，到部队去锻炼自己、展示自己、成就自己。', '2020-05-06 09:56:51');
INSERT INTO `news` VALUES ('nadmin000220200427164401', 'admin0002', '【战疫情】福大召开中层干部会议 全面部署2020年工作', '新闻中心讯/4月27日上午，福州大学中层干部会议在旗山校区举行。校党委书记张天明主持会议，付贤智校长总结2019年工作并作2020年工作部署。全体校领导出席会议，各二级党组织，各学院，机关各部处、各单位负责人参加会议。\r\n张天明书记和付贤智校长对全体师生员工在疫情防控、线上教学以及返校复学方面的工作给予充分肯定，强调返校复课工作是摆在学校当前最重要、最紧迫的头等大事，全体领导干部要带头树立长期化常态化防控的意识，鼓足干劲、再接再厉，坚持齐抓共管、各司其职，努力取得疫情防控校园保卫战的最后胜利。\r\n付贤智校长在总结2019年工作时指出，在过去的一年，在上级和学校党委的坚强领导下，通过全校师生员工的共同努力，福大各项事业取得了许多新进展新突破。化学学科进入ESI全球排名前1‰，学校综合实力稳步增强，在2019年自然指数排名中，学校位列中国内地高校第36名，在“2019软科世界大学学术排名”中首次跻身世界500强，名列全球第455名，内地高校第51名；在USNews2020世界最佳大学排行榜位居全球第698名，内地高校第50名。\r\n2020年是全面建成小康社会和“十三五”规划以及首轮“双一流”建设的收官之年，是实现第一个百年奋斗目标的决胜之年，也是“十四五”规划的谋划编制之年。付贤智校长在部署2020年学校工作要点中指出，要不断加强党的全面领导，切实加强和改进宣传与思想政治工作，全力推进“双一流”建设，着力做好保障服务和疫情防控工作，积极构建团结和谐、安全稳定的校园育人环境。\r\n付贤智校长在部署2020年工作时重点强调，要精心编制“十四五”规划，全力推动“双一流”首轮建设考核评估，第五轮学科评估和博士点申报——“三大攻坚任务”取得突破进展，努力过好“紧日子”。就疫情防控、返校复学、毕业工作，付贤智校长提出要全力确保学校疫情防控工作、师生返校复学工作、学生如期毕业工作万无一失。\r\n“本学期虽然受疫情的影响，但学校的目标追求不变，任务不变。”张天明书记在总结讲话中说道。他结合党中央和省委省政府的决策部署和学校工作实际，强调在2020年的工作中要重点做好几个方面工作：一是对照目标抓落实。各学院、各部门、各单位要紧紧“咬”住本年度的各项目标任务，拿出精准有效的措施，形成一级抓一级、层层抓落实的工作格局，把疫情防控工作作为本学期工作的重中之重，以战时状态把工作抓实抓细；二是领导带头抓落实。领导干部既要周密部署、亲历亲为，又要充分发挥广大党员的骨干带头作用，主动承担学校分配的各项工作任务，毫不放松地打赢疫情防控大考之战；三要强化作风抓落实。要发扬过硬作风，拿出过硬的手段、切实有效的措施处理好工作，坚决防止官僚主义、形式主义；四要压实责任抓落实。疫情防控工作的第一责任人要亲自安排部署和跟进，确保任务一项一项落地落实。要根据疫情的实际变化，对方案、预案、措施进行再细化、再推演、再检查。要继续精准做好师生员工的摸底排查工作，切实做到人盯人、全覆盖。\r\n针对2020年工作要点，特别是夯实本科教学基础、高标准加强一流专业建设、高质量完成一流学科建设验收和新一轮学科评估、高水平组织新一轮学位点申报、高起点编制“十四五”发展规划等一批重点任务，他希望在保持疫情防控节奏不变、力度不减、尺度不松的情况下，不折不扣地完成全年目标任务，完美收官“十三五”，为“十四五”打下坚实基础，夺取疫情防控和学校事业发展的“双胜利”。（记者/摄影/蓝苗）', '2020-04-27 16:44:01');
INSERT INTO `news` VALUES ('nadmin000220200427164545', 'admin0002', '福州大学召开2020年经济责任审计联席会议', '新闻中心讯/4月30日下午，福州大学召开2020年经济责任审计联席会议，校党委副书记张星主持会议并讲话。校经济责任审计联席会议成员参加了会议。\r\n会议听取了审计处关于2019年经济责任审计工作情况汇报，组织学习了习近平总书记对审计工作的重要指示精神和上级有关会议、文件精神，审议了审计工作专报的内容，研究了2020年经济责任审计工作计划和2020年审计整改落实情况联合督查工作方案。\r\n张星副书记在讲话中对福州大学2019年经济责任审计工作取得的成绩给予充分肯定，并就做好今年的经济责任审计工作提出三点意见：一要不断提高政治站位，提高对审计工作重要性的认识。要坚持和加强党对经济责任审计工作的领导，强化对权力运行的制约和监督，促进学校发展；二要突出审计工作重点，逐步推进审计全覆盖。要抓住薄弱环节，突出审计重点，并逐步推进全覆盖，推动重点问题和共性问题的解决，促进学校资金使用提质增效；三要立足为发展服务，创新审计工作模式。要立足服务发展，立足保护干部，深化审计结果运用，充分发挥审计的权威和公信力。\r\n据悉，审计处2019年共完成经济责任审计12项，审计金额12.98亿，发现问题77个，提出审计意见和建议61条。2018年审计发现问题的整改完成率为85.71%，审计提出的33条建议全部被采纳，促成被审计单位出台13项内部管理制度。', '2020-04-27 16:45:45');
INSERT INTO `news` VALUES ('nadmin000220200430145816', 'admin0002', '福大开展“绽放战疫青春•坚定制度自信”——纪念五四运动101周年团干座谈会', '新闻中心讯/4月30日上午，福州大学于行政南楼123会议室开展“绽放战疫青春•坚定制度自信”——纪念五四运动101周年团干座谈会。校党委张天明书记、校党委林生副书记出席座谈会，各学院团干参加座谈交流。\r\n会上，校团委相关负责人介绍了“前线有你 后方有我”千人志愿者项目进展情况，部分学院团干代表汇报了疫情期间的团学工作情况。林生副书记指出团干是福大立德树人的中坚力量，团干要始终心系青年，并对对团干工作提出了三点希望：一是要大好时代勇担当；二是要博观厚积练硬功；三是要正心修身强本领。\r\n张天明书记肯定了福大共青团工作，通过回顾五四运动历史沿革号召团干要担青年之责，希望团干要把人才培养融入教育全过程，持续向国家输送符合社会发展需求的高端人才；强调团干要不断保持和增强先进性，进一步凝聚广大团员青年在实现“两个一百年”奋斗目标、实现中华民族伟大复兴中国梦的奋斗中创造人生辉煌。最后，对青年团干提出了六点要求：一是要惜时，把握新时代；二是要修德，加强道德修养；三是要勤学，坚持理想信念；四是爱国，厚植家国情怀；五是守责，牢记使命担当；六是要笃实，满怀吃苦精神。\r\n\r\n本次座谈会的召开旨在纪念五四运动101周年和总结福大共青团在疫情期间的工作情况，并明确福大共青团工作和学生返校工作的要点，使广大团干部携手努力，进一步发扬“党有号召团有行动”的优良传统，攻坚克难，为坚决打赢疫情防控阻击战贡献青春力量。', '2020-04-30 14:58:16');
INSERT INTO `news` VALUES ('nadmin000220200502105510', 'admin0002', '【战疫情】福大学子以笔传情 致敬抗疫英雄', '新闻中心讯/3月26日，福州大学2018级经济学01班团支部开展了“疫期妙闻感人心，手绘真知追民魂”的团立项活动，以笔传情，致敬所有“逆行者”。\r\n“凡人之躯，比肩神明”。疫情期间，有人冒着生命危险，冲在防疫一线，用生命守护生命；有人坚守自身岗位，维护城市正常运转。为提高广大青年防控意识，鼓舞士气，振奋精神，声援“战斗在抗‘疫’一线的工作人员”\r\n活动伊始，该支部开展线上团课，学习疫情防控斗争中的先进典型和感人事迹，同时从社会主义核心价值观的不同角度加以解读，借此感谢所有“坚守”者，致敬所有“逆行”人。后续，活动方发起征集手绘抗疫感人故事活动，获得热烈反响。参与人员分别采取漫画、油画、简笔画等形式，绘制这些先进人物和感人事迹的场景，以线条与色彩凝聚了这场战役中的点点温情。截止3月28日，活动方共收到15份精美手绘作品。\r\n笔尖之下蓝图现，“逆行”精神永传承。一幅幅手绘图画，不仅绘出了这场战役里的笑与泪，更传递了广大青年众志成城的防疫信心。活动组织人表示，“青年的价值取向决定了未来整个社会的价值取向。青年只有不忘今日苦难今日拼搏，始终把民族的英雄先锋深纂脑海，才可逐光而行，铺就更好的明日愿景。”\r\n风雨如磐，全国人民同舟共济，共克时艰。春天会如约而至，希望定会战胜寒冬。待春暖花开之际，疫情结束之日，共赏繁花盛开。', '2020-05-02 10:55:10');
INSERT INTO `news` VALUES ('nadmin000220200505084927', 'admin0002', '烤鱼的幸福味道', '不知什么时候开始，我就开始想家了，我就想念家里的美食了，或许是各个高校的相继放假；或许是是食堂的某一食材让我想起家里的烤鱼；又或许是宿舍的聚餐，烤鱼并非我印象里的烤鱼……而备考期间，内心的烦躁使得我更加怀念家里的烤鱼，那是一道不可替代的菜肴，令人难以忘怀。那是罂粟，使我欲忘难休；那是慢性毒，一点一点会上瘾，我也甘之如饴，不想戒也不会戒。\r\n　　烤鱼，“四大家鱼”之一的草鱼成了这道菜的最重要原材料。\r\n　　首先，便是买鱼，至于鱼具体要多大，全凭个人喜好与所需。我们需做简单地处理，用刀将鱼划有规律的几刀，记得要深，但不要将鱼骨弄碎，将盐撒上，涂抹鱼的全身，使之更入味，更解腥。\r\n　　在稍做腌制的同时，准备好烧烤的支架，炭，孜然，椒盐，花椒。腌制20分钟左右，将裹着鱼的盐洗尽，以鱼肚为中心轴，贴着鱼骨切开，把鱼夹子插进鱼的身体两侧，使鱼平铺，此时便可开始起火，将炭点燃，冒出火星即可，把鱼放在烧烤架上，注意撒上调味料，使其入味，隔一定时间进行翻身，使鱼熟透，而不至于烤焦，这段时间，不仅需要观察鱼的表\r\n面变化，还需要观察炭的温度是否适宜，不宜过高，不宜过低，这是个技术活，更是烤鱼的关键所在。当然，如何做到外焦里嫩便是“全凭本事”了。\r\n　　将鱼处理完之后，即可进行下一步骤。如果说，烤鱼是一朵花，那么，鱼便是那一支花，其他的原材料便是绿叶。\r\n　　你可以添置任何你想吃的原料。马铃薯、腐竹、豆腐干、黑粉、豆芽、玉米、大白菜等。将这些材料放入沸水中，几次翻滚过后，便可起锅。当然，喜欢海鲜的话，同样可以添加，若是考虑整体的颜色效果，也可以添加一些有色素的材料，例如青绿色的小白菜等。\r\n　　最后，便是最为关键的一个步骤了。在这一步骤中，需要特制的盆，这个盆的构造分为三层，但都是平底的。最上面一层放烤鱼，中间一层放炭，最下面一层放水，进行减温，在旁边两侧还有两个“耳朵”，方便搬运。将鱼与这些原材料放入最上面一层的盆中，这一过程并非简单的堆砌，而是有一定的排序顺序的。\r\n　　倒入可平铺一层的油，再放入大白菜，这样的效果是做到不粘锅，防止烤焦。将早已烤好的鱼放入盆中，使鱼铺平，倒入些许\r\n油，最后，便是将其他的材料放入盆中，做到将鱼“藏在”两层菜中。当然，你可以在这一过程加入你想要的调味料，使其入味且符合你的口味。我的建议是加一些辣椒，起到刺激味觉的作用。\r\n　　制作这道菜的材料是多样的，需要的一些工具也是不寻常的，花费的心思也是多的，需要的时间也是长的。但是，一旦完工，你的内心又是激动的。为了那份甜蜜，为了那份不可替代的味觉享受，我想这是值得的。\r\n　　大年三十的年夜饭，是一家人团聚的好时光，将烤鱼放在中间，点燃中间那层的炭，浇些许的水放入底下一层，烤鱼不断地冒着热气。每个人都可以在烤鱼中找到自己想要的那份食材。在吃完年夜饭的时候，家人围在一起聊天，时常可以听到烤鱼中的油不断地发出“滋滋滋”的响声，油在不断的翻滚着，剩下的、早已碎掉的鱼肉仍在不断的煮着，这又是另一种美食享受，香味不断的蔓延，整间房间被烤鱼的香味笼罩，弥漫着幸福的味道，家的味道。\r\n　　我想，烤鱼已经不仅仅是烤鱼这道菜肴了，更是幸福的味道。(作者：康淑框)', '2020-05-05 08:49:27');
INSERT INTO `news` VALUES ('nadmin000220200505164730', 'admin0002', '福大合作开发的我国首套“铁钌接力催化”氨合成工业装置通过“大考”', '新闻中心讯/4月20日至23日，由福州大学、三聚环保、中国石油石油化工研究院、江苏禾友化工及南京聚拓等单位联合设计开发建造的DN1800工业“铁钌接力催化” 氨合成系统顺利通过由中国石油和化学工业联合会组织的技术性和经济性数据现场72小时考核标定。\r\n考核标定结果显示：氨合成压力和催化剂床层热点温度大幅度降低，本质安全性显著提高；在低温、低压、低氢氮比和高惰性气体含量条件下，获得了高氨净值，比传统铁基氨合成技术在高温高压条件下的氨净值还提高35%以上。\r\n专家组成员一致认为：作为世界首套以煤为原料的“铁钌接力催化”氨合成工业装置，“两铁两钌”催化剂装填技术及氨合成反应器工业运行安全稳定高效，成套工艺技术及装置完全满足工业合成氨连续安全高效生产要求；“铁钌接力催化”氨合成技术运行情况和现行国内外传统铁基合成氨技术相比，吨氨综合能耗显著降低，经济和社会效益显著，有利于合成氨工业升级换代。\r\n据悉，新型DN1800铁钌接力氨合成系统于2017年5月由三聚环保投资立项，通过与福州大学等单位产学研深度融合，于2019年7月24日一次性开车成功，至今已累计稳定运行约6000小时。保守估算，新建工业“铁钌接力”氨合成系统比原禾友化工传统铁基氨合成氨系统吨氨综合能耗降低230元以上，本质安全性大幅度提高。目前，“低压等压氨合成反应器成套系统”已列入工业和信息化部《首台（套）重大技术装备推广应用指导目录（2019年版）》。该目录于2019年12月30日发布，自2020年1月1日起执行，旨在加快促进我国首台（套）推广应用，不断提高重大技术装备创新水平。', '2020-05-05 16:47:30');

-- ----------------------------
-- Table structure for reply
-- ----------------------------
DROP TABLE IF EXISTS `reply`;
CREATE TABLE `reply` (
  `replyID` char(23) NOT NULL,
  `text` text NOT NULL,
  `likes` int NOT NULL DEFAULT '0',
  `unlikes` int NOT NULL DEFAULT '0',
  `time` datetime NOT NULL,
  `isAnony` int NOT NULL,
  `userID` char(9) NOT NULL,
  `commentID` char(23) NOT NULL,
  `auditStatus` int NOT NULL,
  PRIMARY KEY (`replyID`),
  KEY `replyFKuserIDCheck` (`userID`),
  KEY `replyFKcommentIDCheck` (`commentID`),
  CONSTRAINT `replyFKcommentIDCheck` FOREIGN KEY (`commentID`) REFERENCES `comment` (`commentID`) ON DELETE CASCADE,
  CONSTRAINT `replyFKuserIDCheck` FOREIGN KEY (`userID`) REFERENCES `user` (`userID`) ON DELETE CASCADE,
  CONSTRAINT `replyCheckCount` CHECK (((`likes` >= 0) and (`unlikes` >= 0))),
  CONSTRAINT `replyCheckLength` CHECK ((length(`replyID`) = 23)),
  CONSTRAINT `replyCheckStatus` CHECK (((`isAnony` in (0,1)) and (`auditStatus` in (0,1))))
) ENGINE=InnoDB DEFAULT CHARSET=utf8;

-- ----------------------------
-- Records of reply
-- ----------------------------
INSERT INTO `reply` VALUES ('12345678020200501140547', '要是有其他原因还不给啥的好可以说 ，虽然他没义务啥的，但是你就这么简单的用钱衡量舍友情。。', '0', '1', '2020-05-01 14:05:47', '1', '123456780', '12345678120200501134956', '1');
INSERT INTO `reply` VALUES ('12345678120200501135623', '作业还要抄别人的学生没事不会上github的', '0', '0', '2020-05-01 13:56:23', '0', '123456781', '12345678020200501134641', '1');
INSERT INTO `reply` VALUES ('12345678120200502173009', '早就好这样做了，现在他意识到国家层面的压力才来作秀，晚了，等522开完会再说吧， (顺便一提，你道歉能正脸吗？非要搞个新海诚45°视角)', '0', '0', '2020-05-02 17:30:09', '1', '123456781', '12345678220200502172505', '1');
INSERT INTO `reply` VALUES ('12345678220200501135809', '真的是高！', '0', '0', '2020-05-01 13:58:09', '1', '123456782', '12345678020200501134641', '1');
INSERT INTO `reply` VALUES ('12345678320200501135953', '高', '0', '0', '2020-05-01 13:59:53', '1', '123456783', '12345678020200501134641', '1');
INSERT INTO `reply` VALUES ('12345678320200502173142', '你仔细看看那个采访，那话术跟高级绿茶差不多，一直在撇清关系，还卖可怜，227之后的事闭口不谈，全程避重就轻，说是道歉，其实也就是给fs看的，让fs觉得：啊，我家gg好可怜，他都道歉了你们还要怎样。 好高级的pua', '0', '0', '2020-05-02 17:31:42', '1', '123456783', '12345678220200502172505', '1');
INSERT INTO `reply` VALUES ('12345678420200501140924', '有点羡慕 感觉我就是那个秃头也毕不了业的', '0', '0', '2020-05-01 14:09:24', '0', '123456784', '12345678120200501134956', '1');
INSERT INTO `reply` VALUES ('12345678420200502173253', '迟了，早干什去了', '0', '0', '2020-05-02 17:32:53', '1', '123456784', '12345678220200502172505', '1');
INSERT INTO `reply` VALUES ('12345678620200505184153', '免费时候拿走了创作者的权利，回过头来，漫画开始收费了，音乐开始收费了……而这时候，所有的话语权在它，所有的利润归它，即使最后行业萎靡了，它也赚回来了。可是行业死了就再难迎来新的发展契机。', '0', '0', '2020-05-05 18:41:53', '1', '123456786', '12345678020200505184008', '0');
INSERT INTO `reply` VALUES ('12345678920200501140744', '我也是这样 不过我只是单纯的懒得写文档 这学期的数据库课程设计 我觉得应该我自己一个人去完成就好了 你只是手把手教她功能怎么说 我是从怎么安装数据库教起来 最后还要自己改文档 本来是打算偷懒 但是结果一点懒没偷到 还被气的要死', '0', '0', '2020-05-01 14:07:44', '1', '123456789', '12345678120200501134956', '1');

-- ----------------------------
-- Table structure for tag
-- ----------------------------
DROP TABLE IF EXISTS `tag`;
CREATE TABLE `tag` (
  `tagID` char(5) NOT NULL,
  `name` varchar(20) NOT NULL,
  `times` int NOT NULL DEFAULT '0',
  PRIMARY KEY (`tagID`),
  CONSTRAINT `tagCheckCount` CHECK ((`times` >= 0))
) ENGINE=InnoDB DEFAULT CHARSET=utf8;

-- ----------------------------
-- Records of tag
-- ----------------------------
INSERT INTO `tag` VALUES ('1', '生活', '7');
INSERT INTO `tag` VALUES ('10', '艺术', '1');
INSERT INTO `tag` VALUES ('11', '社会', '4');
INSERT INTO `tag` VALUES ('12', '编程', '1');
INSERT INTO `tag` VALUES ('13', '宿舍', '1');
INSERT INTO `tag` VALUES ('2', '游戏', '2');
INSERT INTO `tag` VALUES ('3', '娱乐', '5');
INSERT INTO `tag` VALUES ('4', '校园', '1');
INSERT INTO `tag` VALUES ('5', '学习', '2');
INSERT INTO `tag` VALUES ('6', '文化', '3');
INSERT INTO `tag` VALUES ('7', '故事', '2');
INSERT INTO `tag` VALUES ('8', '搞笑', '2');
INSERT INTO `tag` VALUES ('9', '文学', '2');

-- ----------------------------
-- Table structure for teacherinfo
-- ----------------------------
DROP TABLE IF EXISTS `teacherinfo`;
CREATE TABLE `teacherinfo` (
  `teacherID` char(7) NOT NULL,
  `teacherName` varchar(40) NOT NULL,
  `info` text,
  `tel` char(11) DEFAULT NULL,
  `QQ` varchar(10) DEFAULT NULL,
  `college` varchar(20) DEFAULT NULL,
  PRIMARY KEY (`teacherID`),
  CONSTRAINT `teacherInfoCheckLength` CHECK ((length(`teacherID`) = 7))
) ENGINE=InnoDB DEFAULT CHARSET=utf8;

-- ----------------------------
-- Records of teacherinfo
-- ----------------------------
INSERT INTO `teacherinfo` VALUES ('h010101', '教师1', null, '', null, '数学与计算机科学学院');
INSERT INTO `teacherinfo` VALUES ('h010102', '教师2', null, null, null, '数学与计算机科学学院');
INSERT INTO `teacherinfo` VALUES ('h010103', '教师3', null, null, null, '数学与计算机科学学院');
INSERT INTO `teacherinfo` VALUES ('h010104', '教师4', null, null, null, '数学与计算机科学学院');
INSERT INTO `teacherinfo` VALUES ('h010105', '教师10', null, null, null, '数学与计算机科学学院');
INSERT INTO `teacherinfo` VALUES ('h030301', '教师5', null, null, null, '人文学院');
INSERT INTO `teacherinfo` VALUES ('h030302', '教师6', null, null, null, '人文学院');
INSERT INTO `teacherinfo` VALUES ('h110101', '教师7', null, null, null, '材料科学与工程学院');
INSERT INTO `teacherinfo` VALUES ('h110102', '教师8', null, null, null, '材料科学与工程学院');
INSERT INTO `teacherinfo` VALUES ('h110103', '教师9', null, null, null, '材料科学与工程学院');

-- ----------------------------
-- Table structure for topic
-- ----------------------------
DROP TABLE IF EXISTS `topic`;
CREATE TABLE `topic` (
  `topicID` char(24) NOT NULL,
  `title` tinytext NOT NULL,
  `text` text NOT NULL,
  `likes` int NOT NULL DEFAULT '0',
  `unlikes` int NOT NULL DEFAULT '0',
  `userID` char(9) NOT NULL,
  `time` datetime NOT NULL,
  `isAnony` int NOT NULL,
  `views` int NOT NULL DEFAULT '0',
  `heats` int NOT NULL DEFAULT '0',
  `commentCount` int NOT NULL DEFAULT '0',
  `auditStatus` int NOT NULL,
  PRIMARY KEY (`topicID`),
  KEY `topicFKuserIDCheck` (`userID`),
  CONSTRAINT `topicFKuserIDCheck` FOREIGN KEY (`userID`) REFERENCES `user` (`userID`) ON DELETE CASCADE ON UPDATE RESTRICT,
  CONSTRAINT `check_count` CHECK (((`likes` >= 0) and (`unlikes` >= 0) and (`views` >= 0) and (`heats` >= 0) and (`commentCount` >= 0))),
  CONSTRAINT `check_ID` CHECK ((length(`topicID`) = 24)),
  CONSTRAINT `check_status` CHECK (((`isAnony` in (0,1)) and (`auditStatus` in (0,1))))
) ENGINE=InnoDB DEFAULT CHARSET=utf8;

-- ----------------------------
-- Records of topic
-- ----------------------------
INSERT INTO `topic` VALUES ('t12345678020200501121742', '有哪些关于福建的冷知识？', '我是福建人，感觉对自己的家乡也不是特别了解，闽东闽南闽北还是有很大差距的，想听听对于福建的冷知识，勿地域黑，谢谢', '3', '2', '123456780', '2020-05-01 12:17:42', '0', '145', '0', '2', '1');
INSERT INTO `topic` VALUES ('t12345678120200501134819', '肖战道歉', '肖战视频专访道歉，就这两个月的事件和曾经的网络言论道歉了，你们接受吗？', '3', '3', '123456781', '2020-05-01 13:48:19', '1', '0', '0', '5', '1');
INSERT INTO `topic` VALUES ('t12345678220200505182423', '科幻小说', '哪些短篇科幻小说让你震惊且念念不忘？', '0', '0', '123456782', '2020-05-05 18:24:23', '0', '0', '0', '0', '1');
INSERT INTO `topic` VALUES ('t12345678220200506182644', '三体', '不理解那些把三体人当主的人。对他们来说有什么好处，人类灭绝对他们有什么意义？那时候他们也一样不存在了？', '0', '0', '123456782', '2020-05-06 18:26:44', '1', '0', '0', '0', '1');
INSERT INTO `topic` VALUES ('t12345678320200502183244', '身边年轻人不爱喝茶了，如何看待茶文化的未来和茶道的继承？', '身边的朋友很少有爱喝茶的了，更不了解茶道了，请注意是饮茶文化，茶道 更偏爱咖啡，牛奶，白开水等等了，(原谅魔都我在街角到处能找到星巴克，却找不到茶馆吧) 如何看待茶道的未来？是不是日本的茶道文化还保持的很好？', '0', '0', '123456783', '2020-05-02 18:32:44', '1', '0', '0', '0', '1');
INSERT INTO `topic` VALUES ('t12345678320200504182259', '何用尽量短的语言写一个无限循环的脑洞故事？', '这样的故事很久以前就有了：从前有座山，山里。。。。。\r\n但是表示太无聊了，大家有没有一些新奇有趣的循环故事呢？\r\n我先来一个：\r\n刚刚有一个疯子杀死了我的女友，经过惨烈的搏斗，我杀死了他。但我的内心是熊熊燃烧的怒火，我不服为什么是我要遭受这一切，我要报复！这时候，我看见了另一个我挽着我的女友走了过去。', '0', '0', '123456783', '2020-05-04 18:22:59', '0', '0', '0', '0', '1');
INSERT INTO `topic` VALUES ('t12345678420200503182123', '笑话', '你有什么能讲一年的笑话？', '3', '3', '123456784', '2020-05-03 18:21:23', '0', '0', '0', '0', '1');
INSERT INTO `topic` VALUES ('t12345678520200502181755', 'Steam 平台是否在某种意义上毁灭了现在的中国游戏市场？', '我只是提出我的看法。\r\n\r\n1.无限拔高了中国单机界的欣赏水准，但是毁灭了中国粉丝对中国游戏的忍耐程度。\r\n\r\n中国游戏在盗版和政策双面影响下，丧失了20年，做游戏肯定要一步步起，但是你一开始就被去对比外国3a，肯定怎么都打不过。\r\n\r\n\r\n\r\n2.无意中恶意压低价格，在毁灭了中国粉丝对游戏的忍耐程度同时，同时毁灭了中国游戏的议价能力。\r\n\r\n本来国内一个大作，定价68到98，非常良心。但是对比gta和巫师3还有各种6个月后75off，就变成了国产毒瘤。\r\n\r\n\r\n\r\n3.培养，吸引了垃圾粉丝。外国3a都是以主机为市场，steam只是赚点小外快。但是国内却是以pc为绝对主导。在国服steam的政策下，养成了不史低绝对不买，首发价格破200就是垃圾游戏的看法。\r\n\r\n外国人肯定不在乎，我记得gta5的pc版卖了快1000w，但是收入占比好像不到10%。\r\n\r\n但是中国肯定不行啊，中国只可能pc为主导走到底。这影响了中国单机的后续发展和潜力。\r\n\r\n\r\n\r\n最后提一句，中国国产游戏相比它的价格真的贵吗？\r\n\r\n或者说，原价买个外国3a真的受不了？\r\n\r\n那种一周通关一游戏，一个月游戏表排满核心玩家肯定不嫌原价贵。毕竟这是爱好。\r\n\r\n那些只是尝鲜的随意玩家，可能一个月都买不了一个游戏，半年都通不了一个游戏的关。300上下能娱乐半年这都无法接受吗？\r\n\r\n我也就一个穷逼学生党，1500一个月生活费，照样抠钱加打工，每月一个ns游戏，其他游戏看心情。毕竟我是真的很喜欢玩游戏。\r\n\r\n真的喜欢玩游戏的话，一个月出300支持自己的爱好，真的很过分吗？', '0', '0', '123456785', '2020-05-02 18:17:55', '1', '0', '0', '0', '1');
INSERT INTO `topic` VALUES ('t12345678620200505182802', '腾讯一系列做法我突然回过味儿来，腾讯是不是控制了我们太多的资源了？', '腾讯掌握了社交软件，\r\n\r\n掌握了游戏界半壁江山，\r\n\r\n把动漫漫画收为己有，\r\n\r\n音乐视频方面也是虎视眈眈，\r\n\r\n网络文学界因为体量实在不大，腾讯轻而易举的把整个行业炸得天翻地覆。\r\n\r\n倘若腾讯真的拿下了舆论权，控制了群众思想，那么还有谁能够在这个人民当家作主的国家里站出来说上一句话？\r\n\r\n腾讯太大太强了，不管它是否拥有恶意，它都已经可以轻易去用它的体量碾碎一个小的行业，更何况是个人？那么我们的世界还是一个人民当家作主的世界么？我们是不是将再无发声的余地？\r\n\r\n想到这里我好害怕，我似乎看到了一个资本的怪物在茁壮成长后觊觎起更大的权利来……\r\n\r\n资本依旧是资本，人民还是人民么？', '0', '0', '123456786', '2020-05-05 18:28:02', '1', '0', '0', '0', '1');
INSERT INTO `topic` VALUES ('t12345678920200501121932', '室友想抄我的代码，给还是不给?', '一门编程课临近截止，但几个大实验舍友全都没有写，打算照搬我的，但是这次作业老师提前说了会进行代码查重，舍友虽然承诺说会修改，但估计顶多改几个变量名，万一真的查风险还是很大的。\r\n\r\n而且我的代码也是花了大量时间问同学问学长才写的差不多的，他们直接这样照搬我的成果最后再依靠突击考出比我高的分我内心有点不平衡\r\n\r\n但我们几个平常关系很好，直接不给势必会影响关系，所以我是该给还是不给呢？大家能给我一点意见吗？', '4', '3', '123456789', '2020-05-01 12:19:32', '1', '123', '0', '10', '1');
INSERT INTO `topic` VALUES ('t12345678920200501122130', '有哪些十分阴暗、令人感到不适的游戏？', '不限于恐怖类游戏，最好是近代的，不要远古时代的游戏。平台的话PC和家用机均可 ~', '0', '0', '123456789', '2020-05-01 12:21:30', '1', '0', '0', '0', '0');

-- ----------------------------
-- Table structure for topiclikes
-- ----------------------------
DROP TABLE IF EXISTS `topiclikes`;
CREATE TABLE `topiclikes` (
  `userID` char(9) CHARACTER SET utf8 COLLATE utf8_general_ci NOT NULL,
  `topicID` char(24) CHARACTER SET utf8 COLLATE utf8_general_ci NOT NULL,
  `likedStatus` int NOT NULL,
  PRIMARY KEY (`userID`,`topicID`),
  KEY `topicLikesFKtopicIDCheck` (`topicID`),
  CONSTRAINT `topicLikesFKtopicIDCheck` FOREIGN KEY (`topicID`) REFERENCES `topic` (`topicID`) ON DELETE CASCADE,
  CONSTRAINT `topicLikesFKuserIDCheck` FOREIGN KEY (`userID`) REFERENCES `user` (`userID`) ON DELETE CASCADE
) ENGINE=InnoDB DEFAULT CHARSET=utf8;

-- ----------------------------
-- Records of topiclikes
-- ----------------------------
INSERT INTO `topiclikes` VALUES ('123456780', 't12345678020200501121742', '1');
INSERT INTO `topiclikes` VALUES ('123456781', 't12345678020200501121742', '0');
INSERT INTO `topiclikes` VALUES ('123456781', 't12345678120200501134819', '1');
INSERT INTO `topiclikes` VALUES ('123456781', 't12345678220200505182423', '1');
INSERT INTO `topiclikes` VALUES ('123456781', 't12345678920200501121932', '1');
INSERT INTO `topiclikes` VALUES ('123456782', 't12345678020200501121742', '1');
INSERT INTO `topiclikes` VALUES ('123456782', 't12345678120200501134819', '1');
INSERT INTO `topiclikes` VALUES ('123456782', 't12345678220200505182423', '1');
INSERT INTO `topiclikes` VALUES ('123456782', 't12345678920200501121932', '1');
INSERT INTO `topiclikes` VALUES ('123456783', 't12345678020200501121742', '0');
INSERT INTO `topiclikes` VALUES ('123456783', 't12345678120200501134819', '1');
INSERT INTO `topiclikes` VALUES ('123456783', 't12345678220200505182423', '1');
INSERT INTO `topiclikes` VALUES ('123456783', 't12345678920200501121932', '1');
INSERT INTO `topiclikes` VALUES ('123456784', 't12345678020200501121742', '1');
INSERT INTO `topiclikes` VALUES ('123456784', 't12345678120200501134819', '0');
INSERT INTO `topiclikes` VALUES ('123456784', 't12345678220200505182423', '0');
INSERT INTO `topiclikes` VALUES ('123456784', 't12345678920200501121932', '0');
INSERT INTO `topiclikes` VALUES ('123456785', 't12345678120200501134819', '0');
INSERT INTO `topiclikes` VALUES ('123456785', 't12345678220200505182423', '0');
INSERT INTO `topiclikes` VALUES ('123456785', 't12345678920200501121932', '0');
INSERT INTO `topiclikes` VALUES ('123456786', 't12345678120200501134819', '0');
INSERT INTO `topiclikes` VALUES ('123456786', 't12345678220200505182423', '0');
INSERT INTO `topiclikes` VALUES ('123456786', 't12345678920200501121932', '0');
INSERT INTO `topiclikes` VALUES ('123456789', 't12345678920200501121932', '1');

-- ----------------------------
-- Table structure for topic_tag
-- ----------------------------
DROP TABLE IF EXISTS `topic_tag`;
CREATE TABLE `topic_tag` (
  `tagID` char(5) NOT NULL,
  `topicID` char(24) NOT NULL,
  PRIMARY KEY (`tagID`,`topicID`),
  KEY `topic-tagFKTopicIDCheck` (`topicID`),
  CONSTRAINT `topic-tagFKtagIDCheck` FOREIGN KEY (`tagID`) REFERENCES `tag` (`tagID`) ON DELETE CASCADE,
  CONSTRAINT `topic-tagFKTopicIDCheck` FOREIGN KEY (`topicID`) REFERENCES `topic` (`topicID`) ON DELETE CASCADE
) ENGINE=InnoDB DEFAULT CHARSET=utf8;

-- ----------------------------
-- Records of topic_tag
-- ----------------------------
INSERT INTO `topic_tag` VALUES ('1', 't12345678020200501121742');
INSERT INTO `topic_tag` VALUES ('11', 't12345678020200501121742');
INSERT INTO `topic_tag` VALUES ('6', 't12345678020200501121742');
INSERT INTO `topic_tag` VALUES ('11', 't12345678120200501134819');
INSERT INTO `topic_tag` VALUES ('3', 't12345678120200501134819');
INSERT INTO `topic_tag` VALUES ('1', 't12345678220200505182423');
INSERT INTO `topic_tag` VALUES ('3', 't12345678220200505182423');
INSERT INTO `topic_tag` VALUES ('5', 't12345678220200505182423');
INSERT INTO `topic_tag` VALUES ('6', 't12345678220200505182423');
INSERT INTO `topic_tag` VALUES ('7', 't12345678220200505182423');
INSERT INTO `topic_tag` VALUES ('9', 't12345678220200505182423');
INSERT INTO `topic_tag` VALUES ('1', 't12345678220200506182644');
INSERT INTO `topic_tag` VALUES ('9', 't12345678220200506182644');
INSERT INTO `topic_tag` VALUES ('1', 't12345678320200502183244');
INSERT INTO `topic_tag` VALUES ('11', 't12345678320200502183244');
INSERT INTO `topic_tag` VALUES ('6', 't12345678320200502183244');
INSERT INTO `topic_tag` VALUES ('10', 't12345678320200504182259');
INSERT INTO `topic_tag` VALUES ('3', 't12345678320200504182259');
INSERT INTO `topic_tag` VALUES ('8', 't12345678320200504182259');
INSERT INTO `topic_tag` VALUES ('1', 't12345678420200503182123');
INSERT INTO `topic_tag` VALUES ('3', 't12345678420200503182123');
INSERT INTO `topic_tag` VALUES ('7', 't12345678420200503182123');
INSERT INTO `topic_tag` VALUES ('8', 't12345678420200503182123');
INSERT INTO `topic_tag` VALUES ('1', 't12345678520200502181755');
INSERT INTO `topic_tag` VALUES ('2', 't12345678520200502181755');
INSERT INTO `topic_tag` VALUES ('3', 't12345678520200502181755');
INSERT INTO `topic_tag` VALUES ('11', 't12345678620200505182802');
INSERT INTO `topic_tag` VALUES ('2', 't12345678620200505182802');
INSERT INTO `topic_tag` VALUES ('1', 't12345678920200501121932');
INSERT INTO `topic_tag` VALUES ('12', 't12345678920200501121932');
INSERT INTO `topic_tag` VALUES ('13', 't12345678920200501121932');
INSERT INTO `topic_tag` VALUES ('4', 't12345678920200501121932');
INSERT INTO `topic_tag` VALUES ('5', 't12345678920200501121932');
INSERT INTO `topic_tag` VALUES ('2', 't12345678920200501122130');
INSERT INTO `topic_tag` VALUES ('3', 't12345678920200501122130');

-- ----------------------------
-- Table structure for user
-- ----------------------------
DROP TABLE IF EXISTS `user`;
CREATE TABLE `user` (
  `userID` char(9) NOT NULL,
  `password` varchar(16) NOT NULL,
  `sex` char(1) NOT NULL,
  `nickname` varchar(20) NOT NULL,
  `college` varchar(20) NOT NULL,
  `major` varchar(20) NOT NULL,
  `icon` text,
  `exp` int NOT NULL,
  `level` int NOT NULL,
  PRIMARY KEY (`userID`),
  CONSTRAINT `check_length` CHECK ((length(`userID`) = 9)),
  CONSTRAINT `check_sex` CHECK ((`sex` in (_utf8mb4'男',_utf8mb4'女')))
) ENGINE=InnoDB DEFAULT CHARSET=utf8;

-- ----------------------------
-- Records of user
-- ----------------------------
INSERT INTO `user` VALUES ('123456780', '123456', '女', '你再猜', '数学与计算机科学学院', '软件工程', null, '0', '0');
INSERT INTO `user` VALUES ('123456781', '123456', '男', '你猜啊', '数学与计算机科学学院', '计算机科学与技术', null, '0', '0');
INSERT INTO `user` VALUES ('123456782', '123456', '女', '你猜猜', '材料科学与工程学院', '高分子材料与工程', null, '0', '0');
INSERT INTO `user` VALUES ('123456783', '123456', '男', '妖精', '材料科学与工程学院', '材料科学与工程', null, '0', '0');
INSERT INTO `user` VALUES ('123456784', '123456', '女', '不说了', '数学与计算机科学学院', '数学', null, '0', '0');
INSERT INTO `user` VALUES ('123456785', '123456', '女', '那就别说', '人文学院', '心理学', null, '0', '0');
INSERT INTO `user` VALUES ('123456786', '123456', '男', '溜了', '人文学院', '心理学', null, '0', '0');
INSERT INTO `user` VALUES ('123456789', '123456', '男', '你猜', '数学与计算机科学学院', '软件工程', null, '0', '0');
